stakeholder_name,stakeholder_email,project_name,sender_name,subject,body
Alex Rivera,alex.rivera@example.com,Riverfront TI,Jeremy Thamert,Thank you for partnering with MH Construction,"Hello Alex Rivera,

Thank you for partnering with MH Construction on Riverfront TI.

If you are open to it, we would value your honest Google review about your project experience. Your feedback helps future project stakeholders make informed partnership decisions.

Leave a review here:
https://g.page/r/CVdv3YZLzJvdEAE/review

If a team member made a difference during your project, feel free to mention them by name.

Thank you again,
Jeremy Thamert
MH Construction
(509) 308-6489"
Taylor Brooks,taylor.brooks@example.com,Downtown Office Refresh,Kimberly Thamert,Thank you for partnering with MH Construction,"Hello Taylor Brooks,

Thank you for partnering with MH Construction on Downtown Office Refresh.

If you are open to it, we would value your honest Google review about your project experience. Your feedback helps future project stakeholders make informed partnership decisions.

Leave a review here:
https://g.page/r/CVdv3YZLzJvdEAE/review

If a team member made a difference during your project, feel free to mention them by name.

Thank you again,
Kimberly Thamert
MH Construction
(509) 308-6489"
Jordan Lee,jordan.lee@example.com,Warehouse Expansion,Matt Ramsey,Thank you for partnering with MH Construction,"Hello Jordan Lee,

Thank you for partnering with MH Construction on Warehouse Expansion.

If you are open to it, we would value your honest Google review about your project experience. Your feedback helps future project stakeholders make informed partnership decisions.

Leave a review here:
https://g.page/r/CVdv3YZLzJvdEAE/review

If a team member made a difference during your project, feel free to mention them by name.

Thank you again,
Matt Ramsey
MH Construction
(509) 308-6489"
